{
  "project_info": {
    "project_number": "573186245678",
    "firebase_url": "https://trikila-laoag.firebaseio.com",
    "project_id": "trikila-laoag",
    "storage_bucket": "trikila-laoag.appspot.com"
  },
  "client": [
    {
      "client_info": {
        "mobilesdk_app_id": "1:573186245678:android:20677af3ff529e3595cbbf",
        "android_client_info": {
          "package_name": "com.lhester.cariaga.trikila"
        }
      },
      "oauth_client": [
        {
          "client_id": "573186245678-1kkkj4s0jetidl5ipidomsd75p6k3hm5.apps.googleusercontent.com",
          "client_type": 1,
          "android_info": {
            "package_name": "com.lhester.cariaga.trikila",
            "certificate_hash": "38c806765021e9bbf00dd9430bb200055ca9cfbc"
          }
        },
        {
          "client_id": "573186245678-bpu9pfdgejdqc5kfaig5je9gp09nmsp5.apps.googleusercontent.com",
          "client_type": 3
        }
      ],
      "api_key": [
        {
          "current_key": "AIzaSyAnjkAK9JVvEaYeSw_y1t8Q0lcz9EYCxV0"
        }
      ],
      "services": {
        "appinvite_service": {
          "other_platform_oauth_client": [
            {
              "client_id": "573186245678-bpu9pfdgejdqc5kfaig5je9gp09nmsp5.apps.googleusercontent.com",
              "client_type": 3
            }
          ]
        }
      }
    },
    {
      "client_info": {
        "mobilesdk_app_id": "1:573186245678:android:45056d9f1518f35595cbbf",
        "android_client_info": {
          "package_name": "com.lhester.polendey.trikila"
        }
      },
      "oauth_client": [
        {
          "client_id": "573186245678-v6oki6kdk4bpbjf8uvcpl7sg2ivr93ua.apps.googleusercontent.com",
          "client_type": 1,
          "android_info": {
            "package_name": "com.lhester.polendey.trikila",
            "certificate_hash": "38c806765021e9bbf00dd9430bb200055ca9cfbc"
          }
        },
        {
          "client_id": "573186245678-bpu9pfdgejdqc5kfaig5je9gp09nmsp5.apps.googleusercontent.com",
          "client_type": 3
        }
      ],
      "api_key": [
        {
          "current_key": "AIzaSyAnjkAK9JVvEaYeSw_y1t8Q0lcz9EYCxV0"
        }
      ],
      "services": {
        "appinvite_service": {
          "other_platform_oauth_client": [
            {
              "client_id": "573186245678-bpu9pfdgejdqc5kfaig5je9gp09nmsp5.apps.googleusercontent.com",
              "client_type": 3
            }
          ]
        }
      }
    }
  ],
  "configuration_version": "1"
}